actual_sha256,adapter,candidate,expected_sha256,module,note,pass,tensor
525d0ae1ee7bc1400c3c6a7cb82b1feaaee4fd9f4c67246eabef8e619be1e102,randopt_seed1019282515_s0.0075_pos,factor_gaussian_lora:seed1019282515:s0.0075:sign1,525d0ae1ee7bc1400c3c6a7cb82b1feaaee4fd9f4c67246eabef8e619be1e102,model.layers.0.self_attn.q_proj,,True,lora_A
47bca2b305b7a9f9bb6931ec31664ba849c4d65c0e1007080b9ac101143fe59b,randopt_seed1019282515_s0.0075_pos,factor_gaussian_lora:seed1019282515:s0.0075:sign1,47bca2b305b7a9f9bb6931ec31664ba849c4d65c0e1007080b9ac101143fe59b,model.layers.0.self_attn.q_proj,,True,lora_B
c4d41a8cc8542c212408e65c42b5b33e1aa7327a8ed9d2b4a7f6639113fce9a5,randopt_seed1019282515_s0.0075_pos,factor_gaussian_lora:seed1019282515:s0.0075:sign1,c4d41a8cc8542c212408e65c42b5b33e1aa7327a8ed9d2b4a7f6639113fce9a5,model.layers.0.self_attn.v_proj,,True,lora_A
4e96ce35b9508f42e0a9be28d1c6ed81f89a198f9d31f40743224dc865fbb94d,randopt_seed1019282515_s0.0075_pos,factor_gaussian_lora:seed1019282515:s0.0075:sign1,4e96ce35b9508f42e0a9be28d1c6ed81f89a198f9d31f40743224dc865fbb94d,model.layers.0.self_attn.v_proj,,True,lora_B
ad8d11d24feb39dea1bd65a4fe159afdf0b6f26c27285630ec0e76cf72aae027,randopt_seed1019282515_s0.0075_pos,factor_gaussian_lora:seed1019282515:s0.0075:sign1,ad8d11d24feb39dea1bd65a4fe159afdf0b6f26c27285630ec0e76cf72aae027,model.layers.1.self_attn.q_proj,,True,lora_A
4cdaaa9910ad32b9802c6406c8e387d2473bbd73ea00b7125f95e73e98c0d9b8,randopt_seed1019282515_s0.0075_pos,factor_gaussian_lora:seed1019282515:s0.0075:sign1,4cdaaa9910ad32b9802c6406c8e387d2473bbd73ea00b7125f95e73e98c0d9b8,model.layers.1.self_attn.q_proj,,True,lora_B
64a4141d2ef2b3f7167fa49be66b0bf2425a7b4d81523ba25960e2e666a372fe,randopt_seed1019282515_s0.0075_pos,factor_gaussian_lora:seed1019282515:s0.0075:sign1,64a4141d2ef2b3f7167fa49be66b0bf2425a7b4d81523ba25960e2e666a372fe,model.layers.1.self_attn.v_proj,,True,lora_A
8ac5a4f027f26fc01cf3f5f8e6aec09b7f41cb547e962eedddec67e1a63ba1ab,randopt_seed1019282515_s0.0075_pos,factor_gaussian_lora:seed1019282515:s0.0075:sign1,8ac5a4f027f26fc01cf3f5f8e6aec09b7f41cb547e962eedddec67e1a63ba1ab,model.layers.1.self_attn.v_proj,,True,lora_B
8c3d2c8acf9e4cef694f60dd47b3a305f0b7d51700197761d5bf89086523d652,randopt_seed1019282515_s0.0075_pos,factor_gaussian_lora:seed1019282515:s0.0075:sign1,8c3d2c8acf9e4cef694f60dd47b3a305f0b7d51700197761d5bf89086523d652,model.layers.2.self_attn.q_proj,,True,lora_A
d1c17b31a6ff1267e443a6c7c9da65f78306b7e2cd3567b699ae2a7024cd48f8,randopt_seed1019282515_s0.0075_pos,factor_gaussian_lora:seed1019282515:s0.0075:sign1,d1c17b31a6ff1267e443a6c7c9da65f78306b7e2cd3567b699ae2a7024cd48f8,model.layers.2.self_attn.q_proj,,True,lora_B
e7d201c1432411bf68100487ce590140340823e1c9573ffed73310462fc94683,randopt_seed1019282515_s0.0075_pos,factor_gaussian_lora:seed1019282515:s0.0075:sign1,e7d201c1432411bf68100487ce590140340823e1c9573ffed73310462fc94683,model.layers.2.self_attn.v_proj,,True,lora_A
700c3ed184ac21f3719550f1daa198e224e0cb31faef119f72bd1e5f089220da,randopt_seed1019282515_s0.0075_pos,factor_gaussian_lora:seed1019282515:s0.0075:sign1,700c3ed184ac21f3719550f1daa198e224e0cb31faef119f72bd1e5f089220da,model.layers.2.self_attn.v_proj,,True,lora_B
1a41f7553665aa853acf5ddb7a7618324cd13d3d0317ec19868b8574a25a7586,randopt_seed1019282515_s0.0075_pos,factor_gaussian_lora:seed1019282515:s0.0075:sign1,1a41f7553665aa853acf5ddb7a7618324cd13d3d0317ec19868b8574a25a7586,model.layers.3.self_attn.q_proj,,True,lora_A
773f839356ca46fae2a4c6a748cde1133d8d5ec9c93211376ba0e66ff96adefb,randopt_seed1019282515_s0.0075_pos,factor_gaussian_lora:seed1019282515:s0.0075:sign1,773f839356ca46fae2a4c6a748cde1133d8d5ec9c93211376ba0e66ff96adefb,model.layers.3.self_attn.q_proj,,True,lora_B
0f93d3d411d12152b5575145ab28a83a2dda1979085a74976c86fbf746ff724e,randopt_seed1019282515_s0.0075_pos,factor_gaussian_lora:seed1019282515:s0.0075:sign1,0f93d3d411d12152b5575145ab28a83a2dda1979085a74976c86fbf746ff724e,model.layers.3.self_attn.v_proj,,True,lora_A
0cb4c33edd12b763da4a7995e8dbeb71b48611cad61337b74494b0d67061bea2,randopt_seed1019282515_s0.0075_pos,factor_gaussian_lora:seed1019282515:s0.0075:sign1,0cb4c33edd12b763da4a7995e8dbeb71b48611cad61337b74494b0d67061bea2,model.layers.3.self_attn.v_proj,,True,lora_B
37b7c8880bdac477f5ae82865607d7b19daca90cb9ca43ba90e06225e2dbf16d,randopt_seed1019282515_s0.0075_pos,factor_gaussian_lora:seed1019282515:s0.0075:sign1,37b7c8880bdac477f5ae82865607d7b19daca90cb9ca43ba90e06225e2dbf16d,model.layers.4.self_attn.q_proj,,True,lora_A
0cef9d2c9666cdd6f50e60d2f48f3fff25149c8b08182eb3869352028f0230eb,randopt_seed1019282515_s0.0075_pos,factor_gaussian_lora:seed1019282515:s0.0075:sign1,0cef9d2c9666cdd6f50e60d2f48f3fff25149c8b08182eb3869352028f0230eb,model.layers.4.self_attn.q_proj,,True,lora_B
a819c52554f9cd3e793dcafd49312cfe4d1a231ed05b076b490eabcaca4b7537,randopt_seed1019282515_s0.0075_pos,factor_gaussian_lora:seed1019282515:s0.0075:sign1,a819c52554f9cd3e793dcafd49312cfe4d1a231ed05b076b490eabcaca4b7537,model.layers.4.self_attn.v_proj,,True,lora_A
d4a302c88557397e508c35f981f225b8f8421960d893079aacffb1448ed8a3a0,randopt_seed1019282515_s0.0075_pos,factor_gaussian_lora:seed1019282515:s0.0075:sign1,d4a302c88557397e508c35f981f225b8f8421960d893079aacffb1448ed8a3a0,model.layers.4.self_attn.v_proj,,True,lora_B
7b141c7d54a5ca371ffa558786eb93614ec03597b8402357630e178a33ec50d6,randopt_seed1019282515_s0.0075_pos,factor_gaussian_lora:seed1019282515:s0.0075:sign1,7b141c7d54a5ca371ffa558786eb93614ec03597b8402357630e178a33ec50d6,model.layers.5.self_attn.q_proj,,True,lora_A
dd495d4582e18fae366caa240a3b3422f08dde1bfa23a779e30a496cb71a28fe,randopt_seed1019282515_s0.0075_pos,factor_gaussian_lora:seed1019282515:s0.0075:sign1,dd495d4582e18fae366caa240a3b3422f08dde1bfa23a779e30a496cb71a28fe,model.layers.5.self_attn.q_proj,,True,lora_B
8dc5beba5a6b8e602855ff9a8d3c85903a8b50b6435e4c9e03e4bae05882fa9b,randopt_seed1019282515_s0.0075_pos,factor_gaussian_lora:seed1019282515:s0.0075:sign1,8dc5beba5a6b8e602855ff9a8d3c85903a8b50b6435e4c9e03e4bae05882fa9b,model.layers.5.self_attn.v_proj,,True,lora_A
d3bc0188d50855509ff63eefdda45fa78c6988e2066561ede811aff4e40ef312,randopt_seed1019282515_s0.0075_pos,factor_gaussian_lora:seed1019282515:s0.0075:sign1,d3bc0188d50855509ff63eefdda45fa78c6988e2066561ede811aff4e40ef312,model.layers.5.self_attn.v_proj,,True,lora_B
078a903f49c7611ca6594bdf345a9f49de8e484f2025239a9f76b0414a9dc0a3,randopt_seed1019282515_s0.0075_pos,factor_gaussian_lora:seed1019282515:s0.0075:sign1,078a903f49c7611ca6594bdf345a9f49de8e484f2025239a9f76b0414a9dc0a3,model.layers.6.self_attn.q_proj,,True,lora_A
5a0ce8434d63e868afa9cf12818d44be22a0851845918f1aae805a28b5599894,randopt_seed1019282515_s0.0075_pos,factor_gaussian_lora:seed1019282515:s0.0075:sign1,5a0ce8434d63e868afa9cf12818d44be22a0851845918f1aae805a28b5599894,model.layers.6.self_attn.q_proj,,True,lora_B
299278f6b9db1890c047a569039320970f217328e536a0ef6efdf9439bd60734,randopt_seed1019282515_s0.0075_pos,factor_gaussian_lora:seed1019282515:s0.0075:sign1,299278f6b9db1890c047a569039320970f217328e536a0ef6efdf9439bd60734,model.layers.6.self_attn.v_proj,,True,lora_A
1206a7b4b370c964e4cabb5ac597342285b3115a3f8e1f074472e516f43125a5,randopt_seed1019282515_s0.0075_pos,factor_gaussian_lora:seed1019282515:s0.0075:sign1,1206a7b4b370c964e4cabb5ac597342285b3115a3f8e1f074472e516f43125a5,model.layers.6.self_attn.v_proj,,True,lora_B
d9de10a1e840bceaae502884e92000bb5dbcf9641de8f6c2723a25deac931c14,randopt_seed1019282515_s0.0075_pos,factor_gaussian_lora:seed1019282515:s0.0075:sign1,d9de10a1e840bceaae502884e92000bb5dbcf9641de8f6c2723a25deac931c14,model.layers.7.self_attn.q_proj,,True,lora_A
1e952c355b9627733bf5993df907eb32995c4af230cc54092f6d8d0aa5789f43,randopt_seed1019282515_s0.0075_pos,factor_gaussian_lora:seed1019282515:s0.0075:sign1,1e952c355b9627733bf5993df907eb32995c4af230cc54092f6d8d0aa5789f43,model.layers.7.self_attn.q_proj,,True,lora_B
1be7a7bda00c7834b4a5653753af9c92d89ea90eaa6cdb58cbd1efcb14d13ca0,randopt_seed1019282515_s0.0075_pos,factor_gaussian_lora:seed1019282515:s0.0075:sign1,1be7a7bda00c7834b4a5653753af9c92d89ea90eaa6cdb58cbd1efcb14d13ca0,model.layers.7.self_attn.v_proj,,True,lora_A
7a7d763440f839757ba87afe4b5f2c9ff2c36caf7d3d121d43db7cf8648e0479,randopt_seed1019282515_s0.0075_pos,factor_gaussian_lora:seed1019282515:s0.0075:sign1,7a7d763440f839757ba87afe4b5f2c9ff2c36caf7d3d121d43db7cf8648e0479,model.layers.7.self_attn.v_proj,,True,lora_B
eea4c0996369e2271f46d99b5d8c475747e87677803a7df16536ea1913ea977a,randopt_seed1019282515_s0.0075_pos,factor_gaussian_lora:seed1019282515:s0.0075:sign1,eea4c0996369e2271f46d99b5d8c475747e87677803a7df16536ea1913ea977a,model.layers.8.self_attn.q_proj,,True,lora_A
aa8069cb55b283c8f92f90ce86e11cf3315e202ecb2c1b4137569a7d86176d8a,randopt_seed1019282515_s0.0075_pos,factor_gaussian_lora:seed1019282515:s0.0075:sign1,aa8069cb55b283c8f92f90ce86e11cf3315e202ecb2c1b4137569a7d86176d8a,model.layers.8.self_attn.q_proj,,True,lora_B
6161e381d25cfc19e5ca2233d276ed6f25d779586af3394cb6f691975fe7e1da,randopt_seed1019282515_s0.0075_pos,factor_gaussian_lora:seed1019282515:s0.0075:sign1,6161e381d25cfc19e5ca2233d276ed6f25d779586af3394cb6f691975fe7e1da,model.layers.8.self_attn.v_proj,,True,lora_A
0fcfb7bda9f553835c361c3f6e3f23ae0476cdb65b0be41a2821e1ba1ca890a4,randopt_seed1019282515_s0.0075_pos,factor_gaussian_lora:seed1019282515:s0.0075:sign1,0fcfb7bda9f553835c361c3f6e3f23ae0476cdb65b0be41a2821e1ba1ca890a4,model.layers.8.self_attn.v_proj,,True,lora_B
96fd29bfdd7fc5d8075727e427964bce614cdb40acb916161d60857a4186230f,randopt_seed1019282515_s0.0075_pos,factor_gaussian_lora:seed1019282515:s0.0075:sign1,96fd29bfdd7fc5d8075727e427964bce614cdb40acb916161d60857a4186230f,model.layers.9.self_attn.q_proj,,True,lora_A
56eff80951c7ddc2d0c3cb034ff4959cb623ac238a68fd674cb9735d6120f7ed,randopt_seed1019282515_s0.0075_pos,factor_gaussian_lora:seed1019282515:s0.0075:sign1,56eff80951c7ddc2d0c3cb034ff4959cb623ac238a68fd674cb9735d6120f7ed,model.layers.9.self_attn.q_proj,,True,lora_B
7a9eef44fd321a7e6289cc4dbd311b720b2cbc526a8bd878aa11ecb649fbfe02,randopt_seed1019282515_s0.0075_pos,factor_gaussian_lora:seed1019282515:s0.0075:sign1,7a9eef44fd321a7e6289cc4dbd311b720b2cbc526a8bd878aa11ecb649fbfe02,model.layers.9.self_attn.v_proj,,True,lora_A
40f9f3cc9551f5c94ca4746e7e3b7696ec30bea2379eaff2180890f737f351a1,randopt_seed1019282515_s0.0075_pos,factor_gaussian_lora:seed1019282515:s0.0075:sign1,40f9f3cc9551f5c94ca4746e7e3b7696ec30bea2379eaff2180890f737f351a1,model.layers.9.self_attn.v_proj,,True,lora_B
c98802398c613676479e2ee726ce87e99a192ae04bbcf56ed7eafad5d10d1107,randopt_seed1019282515_s0.0075_pos,factor_gaussian_lora:seed1019282515:s0.0075:sign1,c98802398c613676479e2ee726ce87e99a192ae04bbcf56ed7eafad5d10d1107,model.layers.10.self_attn.q_proj,,True,lora_A
3c7bd596c006d0332c297ab4b57fcfc158f78dfe96d46042bc91b1b193da53db,randopt_seed1019282515_s0.0075_pos,factor_gaussian_lora:seed1019282515:s0.0075:sign1,3c7bd596c006d0332c297ab4b57fcfc158f78dfe96d46042bc91b1b193da53db,model.layers.10.self_attn.q_proj,,True,lora_B
50124ab2f1c68ca141d1e9084db957e5951ac06077593a14cd796e894b368f84,randopt_seed1019282515_s0.0075_pos,factor_gaussian_lora:seed1019282515:s0.0075:sign1,50124ab2f1c68ca141d1e9084db957e5951ac06077593a14cd796e894b368f84,model.layers.10.self_attn.v_proj,,True,lora_A
802048ede9db342856188b49db283c1a4248f05474d2254d451eaab0b6477159,randopt_seed1019282515_s0.0075_pos,factor_gaussian_lora:seed1019282515:s0.0075:sign1,802048ede9db342856188b49db283c1a4248f05474d2254d451eaab0b6477159,model.layers.10.self_attn.v_proj,,True,lora_B
a896cf86a39d727e29c3d31ae2fc7402f43936722f3422ffe2afddfdc14f56ca,randopt_seed1019282515_s0.0075_pos,factor_gaussian_lora:seed1019282515:s0.0075:sign1,a896cf86a39d727e29c3d31ae2fc7402f43936722f3422ffe2afddfdc14f56ca,model.layers.11.self_attn.q_proj,,True,lora_A
2a4e900473c72d8b295cd45790beeb4a2b39161c773d4967f08d5e46c039d7dc,randopt_seed1019282515_s0.0075_pos,factor_gaussian_lora:seed1019282515:s0.0075:sign1,2a4e900473c72d8b295cd45790beeb4a2b39161c773d4967f08d5e46c039d7dc,model.layers.11.self_attn.q_proj,,True,lora_B
d7f513c37dd593ba0f27f94079a56e298088e5de84fadb0d2dbc5ad00c3d1f5c,randopt_seed1019282515_s0.0075_pos,factor_gaussian_lora:seed1019282515:s0.0075:sign1,d7f513c37dd593ba0f27f94079a56e298088e5de84fadb0d2dbc5ad00c3d1f5c,model.layers.11.self_attn.v_proj,,True,lora_A
01481aa05b48e5254593d20e8c9af5d705d614dc157bd3f395bbcb6490c994b9,randopt_seed1019282515_s0.0075_pos,factor_gaussian_lora:seed1019282515:s0.0075:sign1,01481aa05b48e5254593d20e8c9af5d705d614dc157bd3f395bbcb6490c994b9,model.layers.11.self_attn.v_proj,,True,lora_B
1271b14fa96078a6868034d88eb739ba5040dc8d4ccc155ea3e6a5db331a0623,randopt_seed1019282515_s0.0075_pos,factor_gaussian_lora:seed1019282515:s0.0075:sign1,1271b14fa96078a6868034d88eb739ba5040dc8d4ccc155ea3e6a5db331a0623,model.layers.12.self_attn.q_proj,,True,lora_A
2f5d44b9b80f13e2979aeb39a8be77a672822af78afcbdb0a953d52656ad63fe,randopt_seed1019282515_s0.0075_pos,factor_gaussian_lora:seed1019282515:s0.0075:sign1,2f5d44b9b80f13e2979aeb39a8be77a672822af78afcbdb0a953d52656ad63fe,model.layers.12.self_attn.q_proj,,True,lora_B
5ae63e19a18a7cfcd482addeebd63225559c2ce8a3df7f006db85f12b09fa6aa,randopt_seed1019282515_s0.0075_pos,factor_gaussian_lora:seed1019282515:s0.0075:sign1,5ae63e19a18a7cfcd482addeebd63225559c2ce8a3df7f006db85f12b09fa6aa,model.layers.12.self_attn.v_proj,,True,lora_A
ed654c82a48476d3d5eaa2db651cd87d3380c8a0c7e0d96bf08b21c9a45cb6db,randopt_seed1019282515_s0.0075_pos,factor_gaussian_lora:seed1019282515:s0.0075:sign1,ed654c82a48476d3d5eaa2db651cd87d3380c8a0c7e0d96bf08b21c9a45cb6db,model.layers.12.self_attn.v_proj,,True,lora_B
48cb929390724f4a8ecafa22375bd70f9eb56c859aefc889992db52d1b1aa829,randopt_seed1019282515_s0.0075_pos,factor_gaussian_lora:seed1019282515:s0.0075:sign1,48cb929390724f4a8ecafa22375bd70f9eb56c859aefc889992db52d1b1aa829,model.layers.13.self_attn.q_proj,,True,lora_A
0cd2a220327df9f1da2ce027377273d8d3463ab6f935a66ec94b9a0545f12105,randopt_seed1019282515_s0.0075_pos,factor_gaussian_lora:seed1019282515:s0.0075:sign1,0cd2a220327df9f1da2ce027377273d8d3463ab6f935a66ec94b9a0545f12105,model.layers.13.self_attn.q_proj,,True,lora_B
f6940869dbda76b3024b65776ddb903006b67fbd8d8f2542537f846d5f9ddda3,randopt_seed1019282515_s0.0075_pos,factor_gaussian_lora:seed1019282515:s0.0075:sign1,f6940869dbda76b3024b65776ddb903006b67fbd8d8f2542537f846d5f9ddda3,model.layers.13.self_attn.v_proj,,True,lora_A
7e8ea514462cedfc9e80b5bd38583ecc307c259c5222d6a60086684f550ee6f8,randopt_seed1019282515_s0.0075_pos,factor_gaussian_lora:seed1019282515:s0.0075:sign1,7e8ea514462cedfc9e80b5bd38583ecc307c259c5222d6a60086684f550ee6f8,model.layers.13.self_attn.v_proj,,True,lora_B
2e96e84b9569dda9bc9ef06ee327426185774725b8a47fb370e7c46c5f216c92,randopt_seed1019282515_s0.0075_pos,factor_gaussian_lora:seed1019282515:s0.0075:sign1,2e96e84b9569dda9bc9ef06ee327426185774725b8a47fb370e7c46c5f216c92,model.layers.14.self_attn.q_proj,,True,lora_A
97d8a1d50ef61a377e0bf3911aafbc84b2d3fa73442747643c586f8b45800643,randopt_seed1019282515_s0.0075_pos,factor_gaussian_lora:seed1019282515:s0.0075:sign1,97d8a1d50ef61a377e0bf3911aafbc84b2d3fa73442747643c586f8b45800643,model.layers.14.self_attn.q_proj,,True,lora_B
13cdcf4267e4131ad1e2b7991eac32638ad7964f74bbc96e6fe312299c8b9ec6,randopt_seed1019282515_s0.0075_pos,factor_gaussian_lora:seed1019282515:s0.0075:sign1,13cdcf4267e4131ad1e2b7991eac32638ad7964f74bbc96e6fe312299c8b9ec6,model.layers.14.self_attn.v_proj,,True,lora_A
20c735f5b8a1a13523b9fdd13e4c14164559fa18b43d9bb8c568c7d61bc0bc02,randopt_seed1019282515_s0.0075_pos,factor_gaussian_lora:seed1019282515:s0.0075:sign1,20c735f5b8a1a13523b9fdd13e4c14164559fa18b43d9bb8c568c7d61bc0bc02,model.layers.14.self_attn.v_proj,,True,lora_B
9cfe9762372f51c1be7bb948391c363e74c242a31da8ba7e7bb98de9b59045d6,randopt_seed1019282515_s0.0075_pos,factor_gaussian_lora:seed1019282515:s0.0075:sign1,9cfe9762372f51c1be7bb948391c363e74c242a31da8ba7e7bb98de9b59045d6,model.layers.15.self_attn.q_proj,,True,lora_A
62d4507f1ccb9e282ece2457e6231314016704494118a312d1fa8ede40103a44,randopt_seed1019282515_s0.0075_pos,factor_gaussian_lora:seed1019282515:s0.0075:sign1,62d4507f1ccb9e282ece2457e6231314016704494118a312d1fa8ede40103a44,model.layers.15.self_attn.q_proj,,True,lora_B
67ff69a7830f235d8412a58f4bca16dcbdf69ab48f6e015953acd20520312e4c,randopt_seed1019282515_s0.0075_pos,factor_gaussian_lora:seed1019282515:s0.0075:sign1,67ff69a7830f235d8412a58f4bca16dcbdf69ab48f6e015953acd20520312e4c,model.layers.15.self_attn.v_proj,,True,lora_A
77af344a61d75485356b5d89bc07d5fd867936af579c4a1538e502262d8b4107,randopt_seed1019282515_s0.0075_pos,factor_gaussian_lora:seed1019282515:s0.0075:sign1,77af344a61d75485356b5d89bc07d5fd867936af579c4a1538e502262d8b4107,model.layers.15.self_attn.v_proj,,True,lora_B
bb94bdb71f4bd639126ae79797a76dd6592e512da9670b006c2534295614e08a,randopt_seed1019282515_s0.0075_pos,factor_gaussian_lora:seed1019282515:s0.0075:sign1,bb94bdb71f4bd639126ae79797a76dd6592e512da9670b006c2534295614e08a,model.layers.16.self_attn.q_proj,,True,lora_A
fc317d438dad896899b6fdaa894016983094165281c263fcf15a797a921dd027,randopt_seed1019282515_s0.0075_pos,factor_gaussian_lora:seed1019282515:s0.0075:sign1,fc317d438dad896899b6fdaa894016983094165281c263fcf15a797a921dd027,model.layers.16.self_attn.q_proj,,True,lora_B
04feece33ec20c40b11ec8e1a379f03a884069ccd8068d5a0c30fa966de48677,randopt_seed1019282515_s0.0075_pos,factor_gaussian_lora:seed1019282515:s0.0075:sign1,04feece33ec20c40b11ec8e1a379f03a884069ccd8068d5a0c30fa966de48677,model.layers.16.self_attn.v_proj,,True,lora_A
8c03ce1832ed826dc86c6a2276b60abae2153afa08e42d99246c7303116ac292,randopt_seed1019282515_s0.0075_pos,factor_gaussian_lora:seed1019282515:s0.0075:sign1,8c03ce1832ed826dc86c6a2276b60abae2153afa08e42d99246c7303116ac292,model.layers.16.self_attn.v_proj,,True,lora_B
638a6f264c7ee97b3b52c61d197b831f2bfc13aa3eb4c9a36782762020788beb,randopt_seed1019282515_s0.0075_pos,factor_gaussian_lora:seed1019282515:s0.0075:sign1,638a6f264c7ee97b3b52c61d197b831f2bfc13aa3eb4c9a36782762020788beb,model.layers.17.self_attn.q_proj,,True,lora_A
ed9a450694d7d4c6795b4bf42b0f729b9759e811ccc83ea35a6ec6b1c3a168cb,randopt_seed1019282515_s0.0075_pos,factor_gaussian_lora:seed1019282515:s0.0075:sign1,ed9a450694d7d4c6795b4bf42b0f729b9759e811ccc83ea35a6ec6b1c3a168cb,model.layers.17.self_attn.q_proj,,True,lora_B
8e9932e9ffd1241c5c80c3786e712281f7c6a5b2dea8d14095416fe9ff779d75,randopt_seed1019282515_s0.0075_pos,factor_gaussian_lora:seed1019282515:s0.0075:sign1,8e9932e9ffd1241c5c80c3786e712281f7c6a5b2dea8d14095416fe9ff779d75,model.layers.17.self_attn.v_proj,,True,lora_A
7193ddf09d0e0636c51b9cd3f63ebdeed6aadd63474c8fc1488ed32b6e907967,randopt_seed1019282515_s0.0075_pos,factor_gaussian_lora:seed1019282515:s0.0075:sign1,7193ddf09d0e0636c51b9cd3f63ebdeed6aadd63474c8fc1488ed32b6e907967,model.layers.17.self_attn.v_proj,,True,lora_B
43541f1ac0bbfba69169e78d3234493b760db19ec4bd55149d445428426b2285,randopt_seed1019282515_s0.0075_pos,factor_gaussian_lora:seed1019282515:s0.0075:sign1,43541f1ac0bbfba69169e78d3234493b760db19ec4bd55149d445428426b2285,model.layers.18.self_attn.q_proj,,True,lora_A
d1bdfa88c3ae54819fabf4ebfd36ec4cc1aca110a934f5b6fbf055197b8aa94b,randopt_seed1019282515_s0.0075_pos,factor_gaussian_lora:seed1019282515:s0.0075:sign1,d1bdfa88c3ae54819fabf4ebfd36ec4cc1aca110a934f5b6fbf055197b8aa94b,model.layers.18.self_attn.q_proj,,True,lora_B
278f440807f4ca36923cca128393b7c437c7ace47495cb19c41b40814878278f,randopt_seed1019282515_s0.0075_pos,factor_gaussian_lora:seed1019282515:s0.0075:sign1,278f440807f4ca36923cca128393b7c437c7ace47495cb19c41b40814878278f,model.layers.18.self_attn.v_proj,,True,lora_A
283a8edf7ddf274e9fe20ecf6a973fdf3c7aa8f628861834e20e09d65cf7b60d,randopt_seed1019282515_s0.0075_pos,factor_gaussian_lora:seed1019282515:s0.0075:sign1,283a8edf7ddf274e9fe20ecf6a973fdf3c7aa8f628861834e20e09d65cf7b60d,model.layers.18.self_attn.v_proj,,True,lora_B
375601993f91d4ecb63694192505eeda4d1c17ae67736c68f1b11038f176b53d,randopt_seed1019282515_s0.0075_pos,factor_gaussian_lora:seed1019282515:s0.0075:sign1,375601993f91d4ecb63694192505eeda4d1c17ae67736c68f1b11038f176b53d,model.layers.19.self_attn.q_proj,,True,lora_A
172ab411995f6797e5246f99398c51a11d90696386b1e7ac1f54d53b20621717,randopt_seed1019282515_s0.0075_pos,factor_gaussian_lora:seed1019282515:s0.0075:sign1,172ab411995f6797e5246f99398c51a11d90696386b1e7ac1f54d53b20621717,model.layers.19.self_attn.q_proj,,True,lora_B
b9222f6588aa953df4c7dd5eb1775355ccf403e61c21fbe5eca18d23db7b8d19,randopt_seed1019282515_s0.0075_pos,factor_gaussian_lora:seed1019282515:s0.0075:sign1,b9222f6588aa953df4c7dd5eb1775355ccf403e61c21fbe5eca18d23db7b8d19,model.layers.19.self_attn.v_proj,,True,lora_A
1fe456bc405db427ff45850af81c167a60dcdf0e93ff473baf8f68dc525da1cc,randopt_seed1019282515_s0.0075_pos,factor_gaussian_lora:seed1019282515:s0.0075:sign1,1fe456bc405db427ff45850af81c167a60dcdf0e93ff473baf8f68dc525da1cc,model.layers.19.self_attn.v_proj,,True,lora_B
87ce0cbc433955f28358b74f2f5fe1dd079baa34b6c3baf911fb92fc44a3016c,randopt_seed1019282515_s0.0075_pos,factor_gaussian_lora:seed1019282515:s0.0075:sign1,87ce0cbc433955f28358b74f2f5fe1dd079baa34b6c3baf911fb92fc44a3016c,model.layers.20.self_attn.q_proj,,True,lora_A
5b4beec292f9d72c954a2b4245ebb306dd367f168f449759d2a13f9ecc4802d5,randopt_seed1019282515_s0.0075_pos,factor_gaussian_lora:seed1019282515:s0.0075:sign1,5b4beec292f9d72c954a2b4245ebb306dd367f168f449759d2a13f9ecc4802d5,model.layers.20.self_attn.q_proj,,True,lora_B
26b22090226f2054de2b6045bf6a88b711e56c3250bd05be7806b41beeab7698,randopt_seed1019282515_s0.0075_pos,factor_gaussian_lora:seed1019282515:s0.0075:sign1,26b22090226f2054de2b6045bf6a88b711e56c3250bd05be7806b41beeab7698,model.layers.20.self_attn.v_proj,,True,lora_A
a7033f4fb6477d27688a0b851dcab8994acf85e91fa893df5c162063f311f0a8,randopt_seed1019282515_s0.0075_pos,factor_gaussian_lora:seed1019282515:s0.0075:sign1,a7033f4fb6477d27688a0b851dcab8994acf85e91fa893df5c162063f311f0a8,model.layers.20.self_attn.v_proj,,True,lora_B
2ad339243a4cd4294ca0da5c66d41c790b14f204c435c54e38988558d33dee7b,randopt_seed1019282515_s0.0075_pos,factor_gaussian_lora:seed1019282515:s0.0075:sign1,2ad339243a4cd4294ca0da5c66d41c790b14f204c435c54e38988558d33dee7b,model.layers.21.self_attn.q_proj,,True,lora_A
e8dd9c2d49aa1da451941f9f75acbddf2f3885496170e52b113647cd2b650759,randopt_seed1019282515_s0.0075_pos,factor_gaussian_lora:seed1019282515:s0.0075:sign1,e8dd9c2d49aa1da451941f9f75acbddf2f3885496170e52b113647cd2b650759,model.layers.21.self_attn.q_proj,,True,lora_B
9192749b5a6f7f7339ac9be597286acd397302573e660171eefc8c79556db1df,randopt_seed1019282515_s0.0075_pos,factor_gaussian_lora:seed1019282515:s0.0075:sign1,9192749b5a6f7f7339ac9be597286acd397302573e660171eefc8c79556db1df,model.layers.21.self_attn.v_proj,,True,lora_A
9d57b30eb87f948f3be39f807e8600e7a737a3ef59bbc576b7af854b59b5e768,randopt_seed1019282515_s0.0075_pos,factor_gaussian_lora:seed1019282515:s0.0075:sign1,9d57b30eb87f948f3be39f807e8600e7a737a3ef59bbc576b7af854b59b5e768,model.layers.21.self_attn.v_proj,,True,lora_B
af01bda60ec5fcb4f128b20917e5272ed2adb6d0870d134f53a8ca8b09027638,randopt_seed1019282515_s0.0075_pos,factor_gaussian_lora:seed1019282515:s0.0075:sign1,af01bda60ec5fcb4f128b20917e5272ed2adb6d0870d134f53a8ca8b09027638,model.layers.22.self_attn.q_proj,,True,lora_A
886b5597bd723dea5dc613d4b2758ca61459c1544cd7cca2cd0db79173c23219,randopt_seed1019282515_s0.0075_pos,factor_gaussian_lora:seed1019282515:s0.0075:sign1,886b5597bd723dea5dc613d4b2758ca61459c1544cd7cca2cd0db79173c23219,model.layers.22.self_attn.q_proj,,True,lora_B
e01c8e04b9d3c43b8732b2da16504bd06e1de4df51fe12fa554b9db53b618fc9,randopt_seed1019282515_s0.0075_pos,factor_gaussian_lora:seed1019282515:s0.0075:sign1,e01c8e04b9d3c43b8732b2da16504bd06e1de4df51fe12fa554b9db53b618fc9,model.layers.22.self_attn.v_proj,,True,lora_A
a8492d5999a8713f91a8fb57d88e29dabb16374d198af25a54fe336cf90b34b5,randopt_seed1019282515_s0.0075_pos,factor_gaussian_lora:seed1019282515:s0.0075:sign1,a8492d5999a8713f91a8fb57d88e29dabb16374d198af25a54fe336cf90b34b5,model.layers.22.self_attn.v_proj,,True,lora_B
dfcc53fe4937d961bfde1f48f24fc69c9ec9b80a14be1acc9c3bff1218a6653c,randopt_seed1019282515_s0.0075_pos,factor_gaussian_lora:seed1019282515:s0.0075:sign1,dfcc53fe4937d961bfde1f48f24fc69c9ec9b80a14be1acc9c3bff1218a6653c,model.layers.23.self_attn.q_proj,,True,lora_A
c6a26871b114b8a5f20d8f3041c8cc38063d2715af8c03bf67529bbeb43692d6,randopt_seed1019282515_s0.0075_pos,factor_gaussian_lora:seed1019282515:s0.0075:sign1,c6a26871b114b8a5f20d8f3041c8cc38063d2715af8c03bf67529bbeb43692d6,model.layers.23.self_attn.q_proj,,True,lora_B
9742d159882965d5e7e696e0af77471212796127a0e443e390957172139468e0,randopt_seed1019282515_s0.0075_pos,factor_gaussian_lora:seed1019282515:s0.0075:sign1,9742d159882965d5e7e696e0af77471212796127a0e443e390957172139468e0,model.layers.23.self_attn.v_proj,,True,lora_A
f7f970e999030cb26560c8ceceee570ff548882f747883eb44e773369869fa8b,randopt_seed1019282515_s0.0075_pos,factor_gaussian_lora:seed1019282515:s0.0075:sign1,f7f970e999030cb26560c8ceceee570ff548882f747883eb44e773369869fa8b,model.layers.23.self_attn.v_proj,,True,lora_B
da5be1f2086c2cee3dc42927a4f764e21a008d3d1e7a4b9f3eefb33acff5e3fc,randopt_seed1019282515_s0.0075_pos,factor_gaussian_lora:seed1019282515:s0.0075:sign1,da5be1f2086c2cee3dc42927a4f764e21a008d3d1e7a4b9f3eefb33acff5e3fc,model.layers.24.self_attn.q_proj,,True,lora_A
451e4119fe490fa04a4049a827c2ce82bea71066f9c6a40695a530098a3654ec,randopt_seed1019282515_s0.0075_pos,factor_gaussian_lora:seed1019282515:s0.0075:sign1,451e4119fe490fa04a4049a827c2ce82bea71066f9c6a40695a530098a3654ec,model.layers.24.self_attn.q_proj,,True,lora_B
1cb412fd9a97fed56286ca5e15565c3920d157680f1817f899f9b05da7a70735,randopt_seed1019282515_s0.0075_pos,factor_gaussian_lora:seed1019282515:s0.0075:sign1,1cb412fd9a97fed56286ca5e15565c3920d157680f1817f899f9b05da7a70735,model.layers.24.self_attn.v_proj,,True,lora_A
09620d0fd24b45aabdfbad02856f38865c0a452b50e0e4b7cc0bdae26e801475,randopt_seed1019282515_s0.0075_pos,factor_gaussian_lora:seed1019282515:s0.0075:sign1,09620d0fd24b45aabdfbad02856f38865c0a452b50e0e4b7cc0bdae26e801475,model.layers.24.self_attn.v_proj,,True,lora_B
30db15681b9116135b2f3f322f12b341750cc63ac8f0c4e87d3b64dafd3d2a14,randopt_seed1019282515_s0.0075_pos,factor_gaussian_lora:seed1019282515:s0.0075:sign1,30db15681b9116135b2f3f322f12b341750cc63ac8f0c4e87d3b64dafd3d2a14,model.layers.25.self_attn.q_proj,,True,lora_A
08d9b487615255eae4741b078f3880b1087b975c4d97589f3c2d54f03b66d523,randopt_seed1019282515_s0.0075_pos,factor_gaussian_lora:seed1019282515:s0.0075:sign1,08d9b487615255eae4741b078f3880b1087b975c4d97589f3c2d54f03b66d523,model.layers.25.self_attn.q_proj,,True,lora_B
9f6efe8ad18157ff60f4212baa2114de68df7e810ffc9641007b98baffb168a7,randopt_seed1019282515_s0.0075_pos,factor_gaussian_lora:seed1019282515:s0.0075:sign1,9f6efe8ad18157ff60f4212baa2114de68df7e810ffc9641007b98baffb168a7,model.layers.25.self_attn.v_proj,,True,lora_A
2b39cc8d1664a8530e87a081e682fba172c61f5e65afb1a5e88e43120333fb36,randopt_seed1019282515_s0.0075_pos,factor_gaussian_lora:seed1019282515:s0.0075:sign1,2b39cc8d1664a8530e87a081e682fba172c61f5e65afb1a5e88e43120333fb36,model.layers.25.self_attn.v_proj,,True,lora_B
dc5d10156db5c09c499444fdf5dbd9a67b1c871f7c32ed74bb3e73187ea64100,randopt_seed1019282515_s0.0075_pos,factor_gaussian_lora:seed1019282515:s0.0075:sign1,dc5d10156db5c09c499444fdf5dbd9a67b1c871f7c32ed74bb3e73187ea64100,model.layers.26.self_attn.q_proj,,True,lora_A
d51c1a4e2b8cfbd902b24120524a5f89ada30d489bdd7f95916558c3cc75d422,randopt_seed1019282515_s0.0075_pos,factor_gaussian_lora:seed1019282515:s0.0075:sign1,d51c1a4e2b8cfbd902b24120524a5f89ada30d489bdd7f95916558c3cc75d422,model.layers.26.self_attn.q_proj,,True,lora_B
71b19c6e2d81f87547a9cfae45cb7917e65cbc1143aac10c77b5e7cc32d37dea,randopt_seed1019282515_s0.0075_pos,factor_gaussian_lora:seed1019282515:s0.0075:sign1,71b19c6e2d81f87547a9cfae45cb7917e65cbc1143aac10c77b5e7cc32d37dea,model.layers.26.self_attn.v_proj,,True,lora_A
09050057c385fa95053b45abbfb2a90583b18bbc131ca87ba8af44463bcbd2a7,randopt_seed1019282515_s0.0075_pos,factor_gaussian_lora:seed1019282515:s0.0075:sign1,09050057c385fa95053b45abbfb2a90583b18bbc131ca87ba8af44463bcbd2a7,model.layers.26.self_attn.v_proj,,True,lora_B
6ae03f9f59743fdd3deb4d011fa1329575024930f1448bb93e7efde926f002d8,randopt_seed1019282515_s0.0075_pos,factor_gaussian_lora:seed1019282515:s0.0075:sign1,6ae03f9f59743fdd3deb4d011fa1329575024930f1448bb93e7efde926f002d8,model.layers.27.self_attn.q_proj,,True,lora_A
218494ab5d1a0135b3575a966fb5d37115464268a5e5e1ec62419eaa77760f66,randopt_seed1019282515_s0.0075_pos,factor_gaussian_lora:seed1019282515:s0.0075:sign1,218494ab5d1a0135b3575a966fb5d37115464268a5e5e1ec62419eaa77760f66,model.layers.27.self_attn.q_proj,,True,lora_B
7ee80fa1fae11075396db0077ac340fb650ddea393e883a7ceefb5a555d64b26,randopt_seed1019282515_s0.0075_pos,factor_gaussian_lora:seed1019282515:s0.0075:sign1,7ee80fa1fae11075396db0077ac340fb650ddea393e883a7ceefb5a555d64b26,model.layers.27.self_attn.v_proj,,True,lora_A
ebb5a0f533debf142a9f4b43d4e03a1015e87927ab40210e1e7849448b4fad76,randopt_seed1019282515_s0.0075_pos,factor_gaussian_lora:seed1019282515:s0.0075:sign1,ebb5a0f533debf142a9f4b43d4e03a1015e87927ab40210e1e7849448b4fad76,model.layers.27.self_attn.v_proj,,True,lora_B
f9d8a10063cc8afbebc42c6f85a6de15a013fe581e0a8356709840f330539044,randopt_seed1019282515_s0.0075_pos,factor_gaussian_lora:seed1019282515:s0.0075:sign1,f9d8a10063cc8afbebc42c6f85a6de15a013fe581e0a8356709840f330539044,model.layers.28.self_attn.q_proj,,True,lora_A
7edcb3e7e2a10a99462742d6ee25442d931fd0796565a0b96af9c0a2f4945fd6,randopt_seed1019282515_s0.0075_pos,factor_gaussian_lora:seed1019282515:s0.0075:sign1,7edcb3e7e2a10a99462742d6ee25442d931fd0796565a0b96af9c0a2f4945fd6,model.layers.28.self_attn.q_proj,,True,lora_B
34e90e92ae6f5c0e57f30b7762781436c8c68eab2c38b2cf47082050b47e24f1,randopt_seed1019282515_s0.0075_pos,factor_gaussian_lora:seed1019282515:s0.0075:sign1,34e90e92ae6f5c0e57f30b7762781436c8c68eab2c38b2cf47082050b47e24f1,model.layers.28.self_attn.v_proj,,True,lora_A
0ba386235ac643fef9a82492cf4076c60df1ee554251728165a63182377df919,randopt_seed1019282515_s0.0075_pos,factor_gaussian_lora:seed1019282515:s0.0075:sign1,0ba386235ac643fef9a82492cf4076c60df1ee554251728165a63182377df919,model.layers.28.self_attn.v_proj,,True,lora_B
102163c368c6bb0db9f219aadd7de1463e17d928303f3aa62bc2e0c6f0881e35,randopt_seed1019282515_s0.0075_pos,factor_gaussian_lora:seed1019282515:s0.0075:sign1,102163c368c6bb0db9f219aadd7de1463e17d928303f3aa62bc2e0c6f0881e35,model.layers.29.self_attn.q_proj,,True,lora_A
9bdf244d9e23d07e3830d52239dcbf3da320a916429c8bb10f578997ae09a4d2,randopt_seed1019282515_s0.0075_pos,factor_gaussian_lora:seed1019282515:s0.0075:sign1,9bdf244d9e23d07e3830d52239dcbf3da320a916429c8bb10f578997ae09a4d2,model.layers.29.self_attn.q_proj,,True,lora_B
b0d30df674057623fd33a3bf9b3b5f8dc6faf005bdd0b52c17dc380e766df77f,randopt_seed1019282515_s0.0075_pos,factor_gaussian_lora:seed1019282515:s0.0075:sign1,b0d30df674057623fd33a3bf9b3b5f8dc6faf005bdd0b52c17dc380e766df77f,model.layers.29.self_attn.v_proj,,True,lora_A
c386e383f9baa117335f7900c2d0ee6bd880623e6bcfb6a30cf05afad56b76a2,randopt_seed1019282515_s0.0075_pos,factor_gaussian_lora:seed1019282515:s0.0075:sign1,c386e383f9baa117335f7900c2d0ee6bd880623e6bcfb6a30cf05afad56b76a2,model.layers.29.self_attn.v_proj,,True,lora_B
0917021757d9c39f520ab9ededb39f3b18144e74afb80850a1dfde9a3a265c8d,randopt_seed1019282515_s0.0075_pos,factor_gaussian_lora:seed1019282515:s0.0075:sign1,0917021757d9c39f520ab9ededb39f3b18144e74afb80850a1dfde9a3a265c8d,model.layers.30.self_attn.q_proj,,True,lora_A
7fdd21df753824d81abf737b91694dfbe9ae03b4b3909a755fe1764436f78244,randopt_seed1019282515_s0.0075_pos,factor_gaussian_lora:seed1019282515:s0.0075:sign1,7fdd21df753824d81abf737b91694dfbe9ae03b4b3909a755fe1764436f78244,model.layers.30.self_attn.q_proj,,True,lora_B
fc0e838c9a58df2c77d179a054aa48edefac77e5243f26f0efd78f813064bae0,randopt_seed1019282515_s0.0075_pos,factor_gaussian_lora:seed1019282515:s0.0075:sign1,fc0e838c9a58df2c77d179a054aa48edefac77e5243f26f0efd78f813064bae0,model.layers.30.self_attn.v_proj,,True,lora_A
3c404254d89d40d4cf24648d19bdb0982e640921ba3a525defe1766bd26e3d69,randopt_seed1019282515_s0.0075_pos,factor_gaussian_lora:seed1019282515:s0.0075:sign1,3c404254d89d40d4cf24648d19bdb0982e640921ba3a525defe1766bd26e3d69,model.layers.30.self_attn.v_proj,,True,lora_B
818100f6a63475c348da629511a8b80b3b6c469ed87a5ba9000c88ba11ae3c47,randopt_seed1019282515_s0.0075_pos,factor_gaussian_lora:seed1019282515:s0.0075:sign1,818100f6a63475c348da629511a8b80b3b6c469ed87a5ba9000c88ba11ae3c47,model.layers.31.self_attn.q_proj,,True,lora_A
9ff126e50db340123f04fa79e0dc1ac83aa2ab6a67ec82b97e5efaa5a56b5f5d,randopt_seed1019282515_s0.0075_pos,factor_gaussian_lora:seed1019282515:s0.0075:sign1,9ff126e50db340123f04fa79e0dc1ac83aa2ab6a67ec82b97e5efaa5a56b5f5d,model.layers.31.self_attn.q_proj,,True,lora_B
56ebce394660e4c3cebceb90b5e99333ceb3596d1e6681ab295272adc00597b1,randopt_seed1019282515_s0.0075_pos,factor_gaussian_lora:seed1019282515:s0.0075:sign1,56ebce394660e4c3cebceb90b5e99333ceb3596d1e6681ab295272adc00597b1,model.layers.31.self_attn.v_proj,,True,lora_A
ef714c129784ced3911e29d8c1776f58e8e756a5164c75b580d0d856b356b7c1,randopt_seed1019282515_s0.0075_pos,factor_gaussian_lora:seed1019282515:s0.0075:sign1,ef714c129784ced3911e29d8c1776f58e8e756a5164c75b580d0d856b356b7c1,model.layers.31.self_attn.v_proj,,True,lora_B
d37db26d80ed30c555a3aee3f66143c5989840c58cda9a0abaf16c19a83b2489,randopt_seed1019282515_s0.0075_pos,factor_gaussian_lora:seed1019282515:s0.0075:sign1,d37db26d80ed30c555a3aee3f66143c5989840c58cda9a0abaf16c19a83b2489,model.layers.32.self_attn.q_proj,,True,lora_A
7fec1c229e09c74982190462608c2b974f8040574ccf04dca2d830c940dbe577,randopt_seed1019282515_s0.0075_pos,factor_gaussian_lora:seed1019282515:s0.0075:sign1,7fec1c229e09c74982190462608c2b974f8040574ccf04dca2d830c940dbe577,model.layers.32.self_attn.q_proj,,True,lora_B
f423ac85af759b91e7723890b8dba96b00dfb86bd116a495b495bc28b5cefbfd,randopt_seed1019282515_s0.0075_pos,factor_gaussian_lora:seed1019282515:s0.0075:sign1,f423ac85af759b91e7723890b8dba96b00dfb86bd116a495b495bc28b5cefbfd,model.layers.32.self_attn.v_proj,,True,lora_A
05f2391a5ddcaa0fbd3fc2aee769eb8b11aff255bc9c6d4937e9030d3128bc87,randopt_seed1019282515_s0.0075_pos,factor_gaussian_lora:seed1019282515:s0.0075:sign1,05f2391a5ddcaa0fbd3fc2aee769eb8b11aff255bc9c6d4937e9030d3128bc87,model.layers.32.self_attn.v_proj,,True,lora_B
5b7bcdc9d38d153b2d901d6118bc179df655593464d3a8a460069d407ce1a95c,randopt_seed1019282515_s0.0075_pos,factor_gaussian_lora:seed1019282515:s0.0075:sign1,5b7bcdc9d38d153b2d901d6118bc179df655593464d3a8a460069d407ce1a95c,model.layers.33.self_attn.q_proj,,True,lora_A
92105f40d517d7a7ee7f705103c4bc8d56b20ac0ad40e023f9c8429bdba99151,randopt_seed1019282515_s0.0075_pos,factor_gaussian_lora:seed1019282515:s0.0075:sign1,92105f40d517d7a7ee7f705103c4bc8d56b20ac0ad40e023f9c8429bdba99151,model.layers.33.self_attn.q_proj,,True,lora_B
0758cb3cded58bc723f867327f977546d9472ec011497239f6c609aa9c2dd79f,randopt_seed1019282515_s0.0075_pos,factor_gaussian_lora:seed1019282515:s0.0075:sign1,0758cb3cded58bc723f867327f977546d9472ec011497239f6c609aa9c2dd79f,model.layers.33.self_attn.v_proj,,True,lora_A
033062b8dccfe68246c449f902a297d38d1880547e38051793ed58797d4f0924,randopt_seed1019282515_s0.0075_pos,factor_gaussian_lora:seed1019282515:s0.0075:sign1,033062b8dccfe68246c449f902a297d38d1880547e38051793ed58797d4f0924,model.layers.33.self_attn.v_proj,,True,lora_B
b32aa7935c86687ec7a7be5956c794636ab3cdc8d5df48d2e413b5d34c2eb619,randopt_seed1019282515_s0.0075_pos,factor_gaussian_lora:seed1019282515:s0.0075:sign1,b32aa7935c86687ec7a7be5956c794636ab3cdc8d5df48d2e413b5d34c2eb619,model.layers.34.self_attn.q_proj,,True,lora_A
76cb5e1aeae1d0dff96983fa5443a64fc0a54160392f259764a284ba005e3c86,randopt_seed1019282515_s0.0075_pos,factor_gaussian_lora:seed1019282515:s0.0075:sign1,76cb5e1aeae1d0dff96983fa5443a64fc0a54160392f259764a284ba005e3c86,model.layers.34.self_attn.q_proj,,True,lora_B
6fb467029976b92525f9e9a78357bb48ccc3a6ebabbcf9f5ce4c4d1663e7cf67,randopt_seed1019282515_s0.0075_pos,factor_gaussian_lora:seed1019282515:s0.0075:sign1,6fb467029976b92525f9e9a78357bb48ccc3a6ebabbcf9f5ce4c4d1663e7cf67,model.layers.34.self_attn.v_proj,,True,lora_A
a5b24fbbfef3435ce7a841ba435e25b646d00fe63ebc35cad983389ce203bb94,randopt_seed1019282515_s0.0075_pos,factor_gaussian_lora:seed1019282515:s0.0075:sign1,a5b24fbbfef3435ce7a841ba435e25b646d00fe63ebc35cad983389ce203bb94,model.layers.34.self_attn.v_proj,,True,lora_B
5861c438e0682cef86d6c0db717406ee9b9f4c840780d820741600ec9f43b6df,randopt_seed1019282515_s0.0075_pos,factor_gaussian_lora:seed1019282515:s0.0075:sign1,5861c438e0682cef86d6c0db717406ee9b9f4c840780d820741600ec9f43b6df,model.layers.35.self_attn.q_proj,,True,lora_A
a873d85a783daea50509a0841df216427bff458d7cb147d682ce8b435bc2776c,randopt_seed1019282515_s0.0075_pos,factor_gaussian_lora:seed1019282515:s0.0075:sign1,a873d85a783daea50509a0841df216427bff458d7cb147d682ce8b435bc2776c,model.layers.35.self_attn.q_proj,,True,lora_B
95c369d7166ea0b85be2f964796fd963bc927678d70866c67eb9570de0e26154,randopt_seed1019282515_s0.0075_pos,factor_gaussian_lora:seed1019282515:s0.0075:sign1,95c369d7166ea0b85be2f964796fd963bc927678d70866c67eb9570de0e26154,model.layers.35.self_attn.v_proj,,True,lora_A
2837812bf815773c526d568fce468dbc2d0cbe5a1c1b57bf75dedc31c5f34d31,randopt_seed1019282515_s0.0075_pos,factor_gaussian_lora:seed1019282515:s0.0075:sign1,2837812bf815773c526d568fce468dbc2d0cbe5a1c1b57bf75dedc31c5f34d31,model.layers.35.self_attn.v_proj,,True,lora_B
